<?xml version="1.0" encoding="utf-8" ?>
<dwsync>
<file name="background.png" server="webdev.edinburghcollege.ac.uk" local="130651864700000000" remote="130748580770000000" Dst="2" />
<file name="birdman.jpg" server="webdev.edinburghcollege.ac.uk" local="130651834100000000" remote="130748580770000000" Dst="2" />
<file name="comingsoon.png" server="webdev.edinburghcollege.ac.uk" local="130663427380000000" remote="130748580770000000" Dst="2" />
<file name="film.png" server="webdev.edinburghcollege.ac.uk" local="130652164400000000" remote="130748580770000000" Dst="2" />
<file name="fox.jpg" server="webdev.edinburghcollege.ac.uk" local="130651834000000000" remote="130748580780000000" Dst="2" />
<file name="hobbit.jpg" server="webdev.edinburghcollege.ac.uk" local="130650216460000000" remote="130748580780000000" Dst="2" />
<file name="kingsman.jpg" server="webdev.edinburghcollege.ac.uk" local="130651833700000000" remote="130748580780000000" Dst="2" />
<file name="taken3.jpg" server="webdev.edinburghcollege.ac.uk" local="130650217140000000" remote="130748580790000000" Dst="2" />
<file name="womaninblack.jpg" server="webdev.edinburghcollege.ac.uk" local="130650217500000000" remote="130748580790000000" Dst="2" />
<file name="minesweeper.gif" server="webdev.edinburghcollege.ac.uk" local="130669122240000000" remote="130748580790000000" Dst="2" />
<file name="hangman.jpg" server="webdev.edinburghcollege.ac.uk" local="130669122800000000" remote="130748580790000000" Dst="2" />
</dwsync>